lat,lon
24.466667,54.366667
25.258172,55.304717
25.35731,55.403304
34.348167,62.199673
34.426468,70.45153
34.516667,69.183333
31.613323,65.710126
41.3275,19.8188889
40.1811111,44.5136111
-12.776111,15.739167
-12.319722,13.599722
-8.836804,13.233174
-38.719595,-62.272432
-28.469574,-65.785239
-31.413496,-64.181052
-27.480596,-58.834099
-26.177534,-58.178139
-24.194565,-65.297116
-34.921454,-57.954533
-38.002278,-57.557539
-32.890845,-68.827171
-38.951606,-68.059102
-31.731967,-60.523802
-27.367077,-55.896078
-27.46056,-58.983886
-32.946818,-60.639317
-24.785896,-65.411664
-31.5375,-68.536389
-31.629484,-60.701036
-27.795112,-64.261489
-26.824144,-65.2226
47.066667,15.45
48.2,16.366667
-34.928661,138.598633
-27.47101,153.024292
-35.27603,149.13435
-28.00029,153.430878
-42.883209,147.331665
-37.813938,144.963425
-32.927792,151.784485
-31.95224,115.861397
-33.861481,151.205475
-34.424,150.893448
40.395278,49.882222
44.7758333,17.1855556
43.85,18.3833333
22.7,90.3666667
23.7230556,90.4086111
25.6333333,88.6333333
22.8,89.55
23.6233333,90.5011111
23.9208333,90.7180556
24.3666667,88.6
25.75,89.25
23.89,90.4058333
51.216667,4.416667
50.833333,4.333333
50.416667,4.433333
51.05,3.716667
11.2,-4.3
12.3702778,-1.5247222
42.15,24.75
42.6833333,23.3166667
43.2166667,27.9166667
-3.3761111,29.36
6.45,2.35
6.35,2.4333333
9.705,1.6669444
-17.3833333,-66.15
-16.5,-68.15
-17.9833333,-67.15
-19.0430556,-65.2591667
-1.366667,-48.383333
-16.333333,-48.966667
-10.916667,-37.066667
-23.516667,-46.883333
-22.316667,-49.066667
-1.45,-48.483333
-22.761995,-43.404654
-19.916667,-43.933333
-19.966667,-44.216667
-26.9222,-49.0615
2.816667,-60.666667
-15.783333,-47.916667
-7.216667,-35.883333
-22.9,-47.083333
-20.45,-54.616667
-21.75,-41.3
-29.933333,-51.183333
-23.516667,-46.833333
-20.266667,-40.416667
-8.283333,-35.966667
-24.95,-53.466667
-3.7,-38.65
-29.1689,-51.1785
-25.283333,-49.233333
-19.916667,-44.1
-15.583333,-56.083333
-25.416667,-49.25
-23.7,-46.616667
-22.790321,-43.325009
-23.65,-46.85
-12.25,-38.95
-27.583333,-48.566667
-3.316667,-41.416667
-25.55,-54.583333
-20.533333,-47.4
-16.666667,-49.266667
-18.85,-41.933333
-29.9426,-50.9933
-24,-46.266667
-23.45068,-46.526175
-22.85,-47.25
-5.533333,-47.483333
-19.5,-42.533333
-14.8,-39.266667
-23.55,-46.933333
-23.483333,-46.35
-8.116667,-35.016667
-23.316667,-45.966667
-7.116667,-34.866667
-26.3,-48.833333
-7.2,-39.333333
-21.751667,-43.352778
-23.183333,-46.866667
-22.561667,-47.402778
-23.3,-51.15
0.033333,-51.05
-9.666667,-35.716667
-22.655556,-43.015278
-3.113333,-60.025278
-22.216667,-49.933333
-23.416667,-51.916667
-23.666667,-46.45
-23.516667,-46.183333
-16.716667,-43.866667
-5.191389,-37.344722
-5.783333,-35.216667
-22.90214,-43.130301
-22.759188,-43.431887
-29.683333,-51.133333
-8.016667,-34.85
-23.566667,-46.783333
-7.95,-34.883333
-31.766667,-52.333333
-22.510833,-43.184444
-22.716667,-47.633333
-25.083333,-50.15
-30.033333,-51.2
-8.766667,-63.9
-24,-46.4
-22.116667,-51.366667
-8.05,-34.9
-19.783333,-44.1
-21.166667,-47.8
-9.966667,-67.8
-22.9,-43.233333
-12.983333,-38.516667
-19.783333,-43.866667
-29.683333,-53.8
-23.666667,-46.516667
-23.95,-46.333333
-23.7,-46.55
-22.016667,-47.9
-22.800278,-43.025556
-22.798614,-43.360894
-20.8,-49.383333
-23.183333,-45.883333
-25.516667,-49.216667
-27.633333,-48.65
-29.766667,-51.15
-2.516667,-44.266667
-23.473293,-46.665803
-23.966667,-46.383333
-20.116667,-40.3
-19.45,-44.233333
-23.483333,-47.45
-22.8,-47.283333
-23.533333,-46.333333
-23.6,-46.766667
-23.033333,-45.55
-5.083333,-42.816667
-19.75,-47.916667
-18.916667,-48.3
-15.65,-56.133333
-30.083333,-51.033333
-20.333333,-40.283333
-14.85,-40.85
-20.316667,-40.35
-22.533333,-44.116667
25.0833333,-77.35
-24.6463889,25.9119444
52.1,23.7
52.4416667,30.9833333
53.6813889,23.8147222
53.9,27.5666667
51.083333,-114.083333
53.55,-113.5
44.65,-63.6
43.25,-79.833333
43.45,-80.5
42.983333,-81.25
45.5,-73.583333
43.9,-78.866667
45.416667,-75.7
46.8,-71.25
43.666667,-79.416667
49.25,-123.133333
48.433333,-123.35
42.333333,-83.033333
49.883333,-97.166667
-5.85,13.05
-2.508333,28.860833
-5.895833,22.417778
-4.3,15.3
0.516667,25.2
-10.981389,26.733333
-11.666667,27.466667
-6.15,23.6
-6.416667,20.8
4.3666667,18.5833333
-4.2591667,15.2847222
47.366667,8.55
5.309657,-4.012656
7.693846,-5.030307
6.877355,-6.450221
6.820548,-5.276741
-23.65,-70.4
-36.833333,-73.05
-20.22083,-70.14306
-34.17083,-70.74444
-33.6,-70.716667
-33.45,-70.666667
-36.716667,-73.116667
-38.733333,-72.6
-33.047778,-71.601111
-33.008056,-71.519722
5.4666667,10.4166667
5.9333333,10.1666667
4.5833333,13.6833333
4.0502778,9.7
3.8,10.1333333
9.3,13.4
12.0783333,15.0308333
10.5955556,14.3247222
10.7402778,13.8027778
7.3166667,13.5833333
3.8666667,11.5166667
41.123056,80.264444
30.509167,117.050556
41.123611,122.99
26.25,105.933333
36.099444,114.328889
45.616667,122.816667
38.851111,115.490278
34.365907,107.359045
21.483333,109.1
32.940833,117.360833
41.288611,123.765
38.316667,116.866667
43.88,125.322778
29.046378,111.678304
31.783333,119.966667
41.570278,120.458611
23.665129,116.637864
40.770278,118.169722
30.666667,104.066667
42.268333,118.963611
29.562778,106.552778
32.321944,118.297778
38.912222,121.602222
22.850416,113.247006
40.129167,124.394722
40.093611,113.291389
37.448611,116.2925
37.456389,118.485556
23.026771,113.131483
41.7,123.883333
42.015556,121.658889
26.061389,119.306111
25.85,114.933333
32.442015,105.822996
23.116667,113.25
25.281944,110.286389
26.583333,106.716667
39.664722,106.812222
20.045833,110.341667
49.2,119.7
36.566667,114.533333
39.248889,117.789167
30.29365,120.161419
45.75,126.65
35.899167,114.1925
31.863889,117.280833
47.4,130.366667
37.732222,115.701111
26.888056,112.615
35.243056,115.441111
40.810556,111.652222
33.974444,116.791667
32.626389,116.996944
33.588611,119.019167
23.083333,114.4
47.204167,123.633333
46.833333,130.35
22.583333,113.083333
28.680278,121.442778
35.239722,113.233056
30.752198,120.749997
43.850833,126.560278
36.668333,116.997222
29.2947,117.207887
41.0275,113.105833
35.405,116.581389
40.764317,120.85327
41.107778,121.141667
29.60794,115.887205
45.3,130.966667
34.744167,114.418611
39.454722,75.979722
25.038889,102.718333
39.509722,116.694722
36.056389,103.792222
32.385833,111.667778
36.443889,115.964722
41.226111,123.056111
36.088889,111.518889
35.600278,103.206389
24.312582,109.389157
37.879167,114.651667
33.571667,114.035278
34.683611,112.453611
28.580835,121.377148
28.872391,105.44049
31.695678,118.498248
21.65,110.9
31.459339,104.754235
44.583333,129.6
28.55,115.933333
30.775757,106.102938
32.061667,118.777778
22.816667,108.316667
32.030278,120.874722
32.994722,112.532778
29.583536,105.06216
29.878186,121.549453
26.547902,101.705386
39.928889,116.388333
33.738472,113.301194
27.616667,113.85
35.702778,115.005278
36.098611,120.371944
39.931667,119.588333
47.340833,123.967222
45.8,130.85
46.65,124.866667
35.390278,119.545833
23.528858,116.364159
34.774722,111.181389
26.248611,117.618611
31.045556,121.399722
28.453221,117.968604
24.8,113.583333
30.011019,120.571528
26.965893,111.241376
30.307222,112.244722
41.792222,123.432778
22.533333,114.133333
44.3,86.033333
32.6475,110.778056
46.636111,131.153889
46.640556,126.996944
33.636111,116.978889
31.311389,120.618056
36.185278,117.12
37.726944,112.470833
32.493333,119.910627
39.021111,117.646944
37.3325,114.701389
39.142222,117.176667
30.65,113.1
42.293056,123.841389
34.898799,108.950562
43.6125,122.265278
30.933333,117.816667
43.800965,87.600459
36.71,119.101944
27.999416,120.66682
30.580125,114.273405
31.14607,118.57069
31.568873,120.288573
29.850578,115.552504
23.483333,111.316667
24.479794,118.081869
32.042203,112.144794
30.383333,113.4
34.258333,108.928611
34.33778,108.70261
37.063056,114.494167
36.616667,101.766667
34.599722,119.159444
35.900556,117.751944
35.308889,113.867222
32.095833,114.120278
40.610278,115.044722
34.016667,113.816667
34.180454,117.15707
33.385556,120.125278
21.85,111.966667
32.397222,119.435833
42.771389,129.423333
37.533333,121.4
28.699702,104.549173
30.77135,111.321458
38.468056,106.273056
30.95,113.55
40.637318,122.502508
43.881111,81.245833
28.589167,112.328333
37.680278,112.731944
29.140833,113.111111
35.023056,110.992778
36.790556,118.063333
40.81,114.879444
24.513333,117.655556
21.281452,110.342713
23.051157,112.459722
32.209167,119.434167
22.520576,113.382318
33.633333,114.633333
22.276944,113.567778
32.979444,114.029444
27.691868,113.152137
29.341622,104.776887
27.543056,106.823056
4.533889,-75.681111
10.963889,-74.796389
6.337315,-75.557951
4.649178,-74.062827
7.125393,-73.119804
3.880099,-77.031164
3.437222,-76.5225
10.399722,-75.514444
7.893907,-72.507821
7.062222,-73.08644
4.438889,-75.232222
6.171944,-75.611389
5.06889,-75.517383
6.25184,-75.563591
8.747984,-75.881428
2.927299,-75.281885
3.539444,-76.303611
1.213611,-77.281111
4.813333,-75.696111
11.240791,-74.19904
9.304722,-75.397778
4.579368,-74.216819
10.918433,-74.76459
10.46314,-73.253224
4.142002,-73.626645
9.933333,-84.083333
21.3808333,-77.9169444
20.1444444,-75.2091667
20.8872222,-76.2630556
20.9616667,-76.9511111
22.1666667,-79.7666667
20.0247222,-75.8219444
49.2,16.633333
49.811852,18.255282
50.083333,14.466667
50.770833,6.105278
48.366667,10.883333
52.516667,13.4
52.033333,8.533333
51.483333,7.216667
50.733333,7.1
53.083333,8.8
52.266667,10.533333
50.833333,12.916667
50.933333,6.95
51.516667,7.45
51.05,13.75
51.433333,6.75
51.216667,6.766667
51.45,7.016667
50.116667,8.683333
48,7.85
51.516667,7.05
51.5,12
53.55,10
52.366667,9.716667
49.004722,8.385833
54.333333,10.133333
51.333333,6.566667
51.3,12.333333
53.866667,10.7
52.166667,11.666667
49.488333,8.464722
51.2,6.433333
48.15,11.5833
51.966667,7.633333
49.447778,11.068333
51.466667,6.85
48.766667,9.183333
50.083333,8.25
51.266667,7.183333
11.595,43.1480556
56.153423,10.22553
55.666667,12.583333
18.4166667,-68.9666667
18.45,-69.3
19.45,-70.7
18.4666667,-69.9
36.7630556,3.0505556
36.365,6.6147222
35.6911111,-0.6416667
-2.8833333,-78.9833333
-2.1666667,-79.9
-0.2166667,-78.5
-0.25,-79.15
59.4338889,24.7280556
31.1980556,29.9191667
24.0875,32.8988889
27.1827778,31.1827778
30.05,31.25
29.3077778,30.84
30.9761111,31.1669444
30.0086111,31.2122222
30.5833333,32.2666667
25.6833333,32.65
31.2666667,32.3
26.17,32.7272222
26.55,31.7
29.9666667,32.55
30.7911111,30.9980556
15.3333333,38.9333333
43.366609,-8.406812
41.447145,2.244789
41.398371,2.1741
43.260919,-2.938764
37.605121,-0.986232
37.89155,-4.772748
40.284189,-3.794147
43.535731,-5.661519
37.178354,-3.599201
28.099727,-15.41343
40.408566,-3.69222
36.726666,-4.434802
40.320923,-3.862849
37.987041,-1.130042
39.574337,2.655222
37.382408,-5.976133
39.466667,-0.366667
41.655181,-4.72372
42.232823,-8.722637
42.85,-2.666667
41.64531,-0.884861
9.024325,38.749226
9.593056,41.866111
8.55,39.266667
60.216667,24.666667
60.175556,24.934167
61.5,23.75
44.840439,-0.5805
45.748457,4.846711
43.285413,5.37606
43.61092,3.87723
47.216509,-1.552379
43.713644,7.25952
48.866667,2.333333
48.111981,-1.674291
48.600381,7.787355
43.599516,1.433188
0.3833333,9.45
54.583333,-5.933333
52.466667,-1.916667
53.783333,-1.75
51.45,-2.583333
51.5,-3.2
52.416667,-1.55
52.933333,-1.5
55.95,-3.2
55.833333,-4.25
53.716667,-0.333333
53.8,-1.583333
52.633333,-1.133333
52.664913,-1.034894
53.416667,-3
51.514125,-0.093689
53.5,-2.216667
52.966667,-1.166667
50.396389,-4.138611
51.433333,-1
53.366667,-1.5
50.9,-1.4
53,-2.183333
52.583333,-2.133333
41.725,44.7908333
5.55,-0.2166667
6.6833333,-1.6166667
9.4,-0.8333333
5.6166667,-0.0166667
13.4425,-16.6813889
9.5091667,-13.7122222
37.9833333,23.7333333
40.6402778,22.9438889
14.621111,-90.526944
14.621111,-90.526944
14.633333,-90.606389
14.526944,-90.5875
11.85,-15.5833333
6.8,-58.1666667
15.5,-88.0333333
14.1,-87.2166667
45.8,16
18.5383333,-72.4122222
18.5447222,-72.3027778
18.5391667,-72.335
47.5,19.083333
47.533333,21.633333
-3.695426,128.181405
-1.283333,116.833333
5.5577,95.3222
-6.903889,107.618611
-3.333333,114.583333
-6.2349,106.9896
-3.8,102.266667
3.564,98.724
-6.594444,106.789167
-6.540278,106.695556
-6.536389,106.770278
-6.0144,106.0542
-6.394722,106.959167
-6.698333,107.275278
-6.2375,106.695556
-6.7063,108.557
-8.65,115.216667
-6.343333,106.498889
-6.174444,106.829444
-1.6,103.616667
-8.1705,113.702
-7.816667,112.016667
-3.945,122.498889
-10.166667,123.583333
-0.583333,117.083333
-7.0485,107.7631
-5.14,119.4221
-7.9797,112.6304
1.487,124.8455
-8.583333,116.116667
3.583333,98.666667
-6.750278,107.046667
-0.953154,100.367659
-2.916667,104.75
-0.8917,119.8707
-6.8886,109.6753
-0.033333,109.333333
-6.556944,107.443333
-7.421389,109.234444
-6.159167,107.298056
-0.5,117.15
-6.9932,110.4203
-6.918056,106.926667
-6.858611,107.916389
-7.249167,112.750833
-7.556111,110.831667
-6.105278,107.222222
-6.178056,106.63
-7.3274,108.2207
-6.8694,109.1402
-7.782778,110.360833
53.3330556,-6.2488889
31.736056,34.655944
31.792133,34.649656
32.815556,34.989167
31.78,35.23
32.067778,34.764722
23.836389,91.275
27.183333,78.016667
23.033333,72.616667
19.083333,74.733333
23.724444,92.7175
26.45,74.633333
20.733333,77
27.883333,78.083333
25.45,81.85
27.566667,76.6
19.2,73.166667
13.076667,80.088611
20.933333,77.75
31.633056,74.865556
14.683333,77.6
25.566667,84.666667
23.683333,86.983333
19.883333,75.333333
13.115556,80.101667
22.646111,88.340278
12.983333,77.583333
22.643333,88.365278
22.684167,88.441111
23.240556,87.869444
28.35,79.416667
15.866667,74.5
15.15,76.933333
25.25,87
27.216667,77.483333
22.871389,88.408889
21.766667,72.15
21.216667,81.433333
25.35,74.633333
19.3,73.066667
23.266667,77.4
20.233333,85.833333
17.9,77.55
25.183333,85.516667
16.833333,75.7
28.016667,73.3
22.083333,82.15
23.783333,85.966667
18.975,72.825833
19.316667,84.783333
21.3,76.233333
22.569722,88.369722
30.7343,76.7933
19.95,79.3
26.166667,85.9
30.316667,78.033333
28.666667,77.216667
22.966667,76.066667
23.8,86.45
20.9,74.783333
10.35,77.95
23.483333,87.316667
21.183333,81.283333
26.7769,79.0239
28.433333,77.316667
27.4,79.566667
27.15,78.416667
23.216667,72.683333
29.916667,73.883333
24.783333,85
28.666667,77.433333
26.755,83.373889
17.333333,76.833333
16.3,80.45
26.183333,91.733333
26.223611,78.179167
22.025278,88.058333
22.589167,88.310278
28.716667,77.783333
29.166667,75.716667
15.35,75.166667
17.375278,78.474444
16.7,74.466667
24.816667,93.95
22.716667,75.833333
23.166667,79.95
26.916667,75.816667
31.325556,75.579167
19.833333,75.883333
32.733333,74.866667
22.466667,70.066667
22.8,86.183333
25.433333,78.583333
26.286667,73.03
16.933333,82.216667
19.25,73.15
22.671111,88.374722
26.466667,80.35
18.433333,79.15
29.683333,76.983333
22.333333,87.333333
9.966667,76.233333
16.7,74.216667
8.880556,76.591667
22.35,82.683333
25.183333,75.833333
23.733333,86.85
26.85,80.916667
18.4,76.583333
30.9,75.85
13.083333,80.283333
9.933333,78.116667
12.307222,76.649722
20.55,74.533333
12.863889,74.835278
27.5,77.683333
25.941667,83.561111
25.15,82.583333
28.833333,78.783333
25.383333,86.466667
29.466667,77.683333
26.116667,85.4
22.7,72.866667
8.193889,77.431389
21.15,79.1
22.902778,88.416944
19.15,77.333333
28.6,77.2
18.666667,78.116667
25.766667,73.333333
22.694167,88.374444
29.388889,76.968056
19.266667,76.783333
30.326667,76.400278
25.6,85.116667
18.616667,73.8
11.93,79.83
18.533333,73.866667
16.2,77.366667
21.233333,81.633333
16.983333,81.783333
22.3,70.783333
22.4125,88.418056
28.816667,79.033333
23.35,85.333333
23.316667,75.066667
22.2,84.883333
24.533333,81.3
28.9,76.566667
23.833333,78.716667
29.966667,77.55
24.583333,80.833333
11.65,78.166667
27.883333,79.916667
26.716111,88.423611
13.922222,75.573611
17.683333,75.916667
22.752778,88.342222
28.983333,77.016667
34.092222,74.802222
20.966667,72.9
19.2,72.966667
10.8,79.15
8.506944,76.956944
10.516667,76.216667
10.805,78.685556
8.733333,77.7
13.65,79.416667
11.1,77.35
13.157778,80.304167
13.342222,77.101667
23.183333,75.766667
19.216667,73.15
22.471667,88.113611
22.3,73.2
25.333333,83
16.516667,80.616667
17.7,83.3
18,79.583333
30.1,77.283333
33.3386111,44.3938889
36.19,44.0088889
35.4680556,44.3922222
30.3392,48.3043
31.3203,48.6693
34.091741,49.689164
38.2498,48.2933
36.551321,52.678951
33.8973,48.7516
36.521,46.2089
32.3825,48.402
32.657218,51.677608
35.5605,51.2346
36.838659,54.434749
34.799216,48.514556
35.8355,51.0103
33.9888,51.4773
30.283209,57.07879
34.314167,47.065
32.700175,51.521134
33.487778,48.355833
30.4397,48.1664
36.297,59.6062
36.213288,58.795755
37.5553,45.0724
35.439444,51.568889
36.2797,50.0049
34.6401,50.8764
37.280769,49.58319
36.212598,57.681906
35.3144,46.9923
36.563319,53.060087
29.6036,52.5388
29.452,55.6814
38.08,46.2919
31.897222,54.3675
36.6736,48.4787
41.133333,16.85
44.483333,11.333333
37.5,15.1
43.766667,11.25
44.416667,8.95
38.183333,15.566667
45.466667,9.2
40.833333,14.25
45.416667,11.883333
38.116667,13.366667
41.9,12.483333
45.648611,13.78
45.05,7.666667
45.438611,12.326667
45.45,11
18,-76.8
32.555556,35.85
35.969722,139.588611
34.633333,134.983333
39.716667,140.116667
34.716667,135.416667
43.767778,142.370278
35.438889,139.359722
35.326111,139.403889
35.655556,139.552222
35.666667,139.483333
35.15,138.65
35.341944,139.47
34.483333,133.366667
35.693056,139.983333
40.505,141.491944
35.655833,139.323889
41.775833,140.736667
34.7,137.733333
34.816667,134.7
34.8,135.633333
35.323056,139.342222
34.434844,132.740622
34.816667,135.566667
35.516667,140.083333
35.719722,139.924722
35.3,136.8
37.05,140.883333
34.766667,134.85
35.854444,139.968889
35.233333,136.983333
35.976389,139.753611
35.908611,139.485278
35.805,139.720556
35.520556,139.717222
34.466667,135.366667
33.833333,130.833333
34.691304,135.182995
37.4,140.383333
35.883333,139.783333
34.583333,133.766667
33.316667,130.516667
35.540278,139.450833
35.783333,139.9
36.233333,137.966667
35.180198,136.906739
34.75,135.633333
37.902222,139.023611
34.716667,135.333333
35.1,138.866667
35.255556,139.159722
34.916667,137.15
35.553056,139.354444
35.895534,139.67747
34.583333,135.466667
33.159167,129.722778
33.95,130.95
35.820278,139.804444
34.75,135.533333
34.8,135.35
36.333333,139.016667
34.85,135.616667
35.786389,139.467778
35.685,139.751389
34.766667,137.383333
34.783333,135.466667
35.083333,137.15
34.616667,135.6
34.966667,136.616667
35.283611,139.667222
0.5166667,35.2833333
-0.1,34.75
-4.05,39.6666667
-1.2833333,36.8166667
-0.2833333,36.0666667
11.55,104.9166667
37.5985,126.9783
43.25,76.95
50.298056,57.181389
51.181111,71.427778
49.978889,82.610278
52.3,76.95
54.875278,69.162778
53.166667,63.583333
50.411111,80.2275
42.3,69.6
42.9,71.366667
33.8719444,35.5097222
33.8719444,35.5097222
6.9319444,79.8477778
6.3105556,-10.8047222
54.9,23.9
54.6833333,25.3166667
56.95,24.1
32.1166667,20.0666667
32.3783333,15.0905556
32.4333333,13.6333333
32.8925,13.18
30.420664,-9.593161
32.299392,-9.237181
33.592779,-7.619157
34.037151,-4.999797
34.261008,-6.580203
31.631485,-8.008281
34.013784,-6.844268
35.780576,-5.813646
35.571091,-5.372424
47.005556,28.8575
-18.9166667,47.5166667
-18.1666667,49.3833333
42,21.4333333
12.65,-8
17.3333333,96.4833333
22,96.0833333
16.4913889,97.6255556
16.7833333,94.7333333
16.7833333,96.1666667
47.9166667,106.9166667
18.0863889,-15.9752778
-15.7833333,35
-13.9833333,33.7833333
16.85,-99.916667
21.883333,-102.3
25.766667,-100.2
19.85,-90.533333
21.166667,-86.833333
20.516667,-100.816667
28.633333,-106.083333
19.416667,-98.9
19.631667,-99.110278
18.15,-94.416667
19.646944,-99.246667
18.916667,-99.25
24.799444,-107.389722
24.033333,-104.666667
19.601111,-99.0525
31.866667,-116.616667
25.816667,-100.333333
25.566667,-103.5
20.666667,-103.333333
25.683333,-100.25
29.066667,-110.966667
20.683333,-101.35
19.316667,-98.883333
31.733333,-106.483333
21.116667,-101.666667
19.558333,-99.261389
25.766667,-108.966667
19.35,-98.966667
25.883333,-97.5
23.216667,-106.416667
20.966667,-89.616667
32.651944,-115.468333
19.434167,-99.138611
25.666667,-100.316667
19.7,-101.116667
19.479444,-99.238333
19.413611,-99.033056
19.621944,-99.313056
27.5,-99.516667
17.05,-96.716667
27.483333,-109.933333
20.116667,-98.733333
19.05,-98.2
20.6,-100.383333
26.083333,-98.283333
25.416667,-101
22.15,-100.983333
25.75,-100.3
25.683333,-100.466667
22.3,-97.85
22.216667,-97.85
18.45,-97.383333
21.5,-104.9
32.533333,-117.016667
19.526944,-99.221667
20.65,-103.316667
19.288333,-99.667222
20.616667,-103.233333
25.55,-103.433333
16.75,-93.116667
19.416667,-102.066667
19.2,-96.133333
17.983333,-92.916667
19.533333,-96.916667
19.266667,-98.933333
20.716667,-103.4
6.121045,100.360137
5.363014,100.466701
4.5841,101.0829
1.4655,103.7578
3.033333,101.45
6.133275,102.238603
5.9749,116.0724
3.166667,101.7
5.3302,103.1408
3.8077,103.326
1.55,110.333333
4.4148,114.0089
3.083333,101.65
5.8402,118.1179
2.7297,101.9381
3.083333,101.533333
5.646997,100.487724
4.85,100.733333
4.2498,117.8871
-19.8436111,34.8388889
-19.1163889,33.4833333
-25.9652778,32.5891667
-25.9622222,32.4588889
-14.5427778,40.6727778
-15.1197222,39.2647222
-22.57,17.0836111
13.6666667,1.7833333
13.5166667,2.1166667
5.106576,7.366667
7.15,3.35
7.25256,5.193118
10.313441,9.843273
6.335045,5.627492
4.9517,8.322
11.747,11.9608
7.733333,4.433333
6.4402,7.4943
10.28969,11.167288
12.162784,6.661348
7.387778,3.896389
7.466667,4.566667
7.35,4.183333
6.615483,3.508673
5.181475,7.934195
8.916667,3.416667
8.5,4.55
7.966667,3.6
7.633333,4.183333
9.283333,12.466667
9.916667,8.9
10.522239,7.43828
11.994354,8.513807
12.989428,7.600628
6.453056,3.395833
11.846441,13.160274
7.7411,8.5121
9.613889,6.556944
10.267607,13.26436
8.133333,4.266667
7.1,4.833333
6.14543,6.788452
7.766667,4.566667
5.483333,7.030407
7.196195,5.586806
7.85,3.933333
4.777423,7.013404
6.843226,3.647763
13.048025,5.214285
5.8086,8.0812
5.526269,7.489589
5.516667,5.75
11.113236,7.725176
12.1508333,-86.2683333
52.35,4.916667
51.45,5.466667
51.916667,4.5
52.083333,4.3
51.576922,5.106331
52.093813,5.119095
60.391111,5.324722
59.916667,10.75
27.7166667,85.3166667
-36.866667,174.766667
-43.533333,172.633333
-36.8,174.75
8.9666667,-79.5333333
9.0333333,-79.5
-16.3988889,-71.535
-6.7736111,-79.8416667
-9.0833333,-78.6
-13.5183333,-71.9780556
-12.0666667,-75.2333333
-14.0680556,-75.7255556
-3.7480556,-73.2472222
-15.5,-70.1333333
-12.05,-77.05
-5.2,-80.6333333
-8.3825,-74.5380556
-18.0055556,-70.2483333
-8.1166667,-79.0333333
-9.4647222,147.1925
15.1406,120.591
14.5886,121.1757
10.6677,122.9533
14.459027,120.929034
16.416389,120.593056
13.7567,121.0584
14.4646,121.1929
8.949167,125.543611
15.4867,120.9676
8.481111,124.643056
14.5786,121.1222
14.2118,121.1655
10.311111,123.891667
6.112778,125.171667
14.329444,120.936667
7.073056,125.612778
8.230833,124.236111
10.696944,122.564444
10.310278,123.949444
13.9411,121.1631
13.9348,121.6127
14.566667,121.033333
10.323611,123.922222
14.6042,120.9822
14.8373,120.2868
15.0286,120.6898
14.0683,121.3256
14.3595,121.0473
14.305579,121.110739
14.5678,121.1394
6.910255,122.071715
29.4,71.683333
31.72,72.978889
30.056142,70.634766
31.416667,73.083333
32.161667,74.188309
32.572842,74.078969
25.39242,68.373656
33.69,73.0551
31.306773,72.32814
24.9056,67.0822
31.115556,74.446667
31.549722,74.343611
27.555082,68.214137
34.201946,72.052539
34.77584,72.36249
25.5251,69.0159
30.195556,71.475278
26.248334,68.409554
30.808056,73.445833
34.008,71.578488
30.199004,67.009708
33.6007,73.0679
30.666667,73.1
32.083611,72.671111
31.713056,73.978333
32.510103,74.54313
27.705164,68.857383
33.797995,72.695703
53.133333,23.15
53.127062,18.019987
50.083333,19.916667
50.796455,19.124088
54.36085,18.658291
54.5,18.55
50.258415,19.027545
50.833333,20.666667
51.25,22.566667
52.416667,16.966667
51.400963,21.15809
50.272243,19.155039
53.439531,14.593891
53.035831,18.604844
52.25,21
51.1,17.033333
38.716667,-9.133333
41.149606,-8.610993
-25.266667,-57.666667
-25.266667,-57.566667
-25.333333,-57.533333
25.286667,51.533333
45.266667,27.983333
45.633333,25.583333
44.433333,26.1
46.766667,23.6
44.183333,28.65
44.316667,23.8
45.45,28.05
47.166667,27.6
47.066667,21.933333
44.95,26.016667
45.749444,21.227222
44.818611,20.468056
42.666667,21.166667
52.536667,103.886389
64.5401,40.5433
46.349683,48.040756
51.9284,47.9172
53.360556,83.763611
50.610743,36.580152
52.536389,85.207222
50.266667,127.533333
56.1497,101.6085
53.252089,34.371666
56.132222,47.251944
55.154444,61.429722
59.133333,37.9
52.031712,113.500867
56.241432,43.455393
52.297778,104.296389
56.997192,40.971392
56.849756,53.204479
54.706493,20.510951
54.529302,36.275415
55.78874,49.122144
55.333333,86.083333
48.480833,135.092778
58.596654,49.660068
50.551986,137.015244
57.766468,40.926864
45.0488,38.9725
56.0091,92.8628
55.45,65.333333
51.737329,36.187349
52.603111,39.570762
53.418611,59.047222
42.976378,47.502356
55.752222,37.615556
68.979174,33.092514
43.498056,43.618889
55.636571,51.824474
60.9344,76.5531
56.326944,44.0075
57.919444,59.965
53.7557,87.1099
44.724386,37.767524
55.0415,82.9346
55,73.4
52.965076,36.078495
51.204873,58.566848
53.200656,45.004643
58.009282,56.284063
61.796131,34.349295
53.9059,86.719
57.8136,28.3496
47.23135,39.723284
54.6269,39.6916
58.044598,38.842594
59.894444,30.264167
53.1835,50.1182
54.1838,45.1749
51.540556,46.008611
47.709106,40.214434
54.7818,32.0401
43.599167,39.725689
51.296667,37.841667
45.0428,41.9734
53.624619,55.950148
61.25,73.416667
61.676422,50.809941
47.23617,38.896878
52.731689,41.443262
53.5303,49.3461
56.494167,84.974167
54.202133,37.644294
56.860491,35.876027
57.152222,65.527222
54.785167,56.045621
51.826053,107.609794
54.328241,48.38657
58.516667,31.283333
43.036667,44.667778
56.136547,40.396576
43.128056,131.901111
48.71939,44.501835
59.2187,39.8886
48.785832,44.77973
51.672035,39.184301
57.61977,39.85536
56.8519,60.6122
56.001111,37.209167
-1.9536111,30.0605556
26.325986,43.974966
21.516944,39.219167
21.426667,39.826111
24.653664,46.71522
28.399804,36.571505
15.4558333,36.3988889
15.5880556,32.5341667
13.1666667,32.6666667
15.6361111,32.4372222
14.4,33.5333333
57.716667,11.966667
55.6,13
59.333333,18.05
1.2930556,103.8558333
46.0552778,14.5144444
48.15,17.1166667
48.7166667,21.25
8.49,-13.2341667
14.6708333,-17.4380556
14.15,-16.0666667
14.8,-16.9333333
12.5833333,-16.2719444
10.4355556,45.0163889
9.5833333,44.0666667
-0.3666667,42.5333333
2.0666667,45.3666667
5.8333333,-55.1666667
13.7086111,-89.2030556
13.7347222,-89.1513889
36.2027778,37.1586111
33.5,36.3
13.753979,100.501444
18.790376,98.984683
13.362199,100.983454
14.971596,102.08255
13.862167,100.513417
13.600417,100.596778
17.415667,102.785889
38.56,68.7738889
37.95,58.3833333
39.1013889,63.575
36.860117,10.193371
34.740556,10.760278
36.806112,10.171078
37.001667,35.328889
39.911652,32.840305
36.908118,30.695565
37.887378,41.132208
40.191667,29.061111
41.159167,27.8
37.774167,29.0875
39.908611,41.276944
41.033333,28.675278
39.776667,30.520556
37.059444,37.3825
40.802758,29.430684
41.018611,28.964722
38.412726,27.138376
37.584705,36.926405
38.732222,35.485278
37.871354,32.484636
38.350183,38.316669
38.612018,27.426465
36.732778,34.644167
37.074167,36.247778
41.286667,36.33
39.748333,37.016111
36.91876,34.878404
41.005,39.726944
37.16708,38.793919
38.492393,43.38311
24.9944444,121.4727778
22.6333333,120.35
25.0691667,121.6505556
24.8047222,120.9713889
24.95,121.5333333
22.6177778,120.3013889
22.6333333,120.35
25.1313889,121.7375
25.0830556,121.47
25.0391667,121.525
24.95,121.2
22.6725,120.4883333
25.0630556,121.4638889
24.1433333,120.6813889
22.9933333,120.2036111
25.0391667,121.525
24.9869444,121.3055556
24.9833333,121.4333333
25,121.4961111
22.9333333,121.1
-3.3666667,36.6833333
-6.8,39.2833333
-8.9,33.45
-6.8166667,37.6666667
-2.5166667,32.9
-5.0666667,39.1
-6.1666667,39.1833333
49.428536,32.06207
51.505507,31.284875
48.291488,25.940341
48.346981,38.054189
46.655814,32.6178
50.433333,30.516667
48.513199,32.259702
49.072005,33.427482
47.909659,33.380438
49.840661,24.030451
48.047816,37.925764
46.463934,30.738551
49.593727,34.540733
50.623079,26.22743
50.921597,34.800294
49.232776,28.480968
49.232776,28.480968
47.822892,35.190314
50.264868,28.676691
0.3155556,32.5655556
33.5205556,-86.8025
61.2180556,-149.9002778
33.3061111,-111.8405556
33.5386111,-112.1852778
33.4222222,-111.8219444
33.4483333,-112.0733333
33.5091667,-111.8983333
32.2216667,-110.9258333
33.8352778,-117.9136111
35.3733333,-119.0177778
32.64,-117.0833333
37.5483333,-121.9875
36.7477778,-119.7713889
34.1425,-118.2541667
33.7669444,-118.1883333
34.0522222,-118.2427778
37.6391667,-120.9958333
37.8044444,-122.2697222
33.9533333,-117.3952778
38.5816667,-121.4933333
34.1083333,-117.2888889
32.7152778,-117.1563889
37.775,-122.4183333
37.3394444,-121.8938889
33.7455556,-117.8669444
37.9577778,-121.2897222
39.7294444,-104.8313889
38.8338889,-104.8208333
39.7391667,-104.9841667
38.895,-77.0366667
25.8572222,-80.2783333
30.3319444,-81.6558333
25.7738889,-80.1938889
28.5380556,-81.3794444
27.7705556,-82.6794444
27.9472222,-82.4586111
33.7488889,-84.3880556
21.3069444,-157.8583333
41.85,-87.65
41.1305556,-85.1288889
39.7683333,-86.1580556
39.1141667,-94.6272222
37.6922222,-97.3372222
38.0497222,-84.4586111
38.2541667,-85.7594444
30.4505556,-91.1544444
29.9544444,-90.075
39.2902778,-76.6125
42.3583333,-71.0602778
42.3313889,-83.0458333
44.98,-93.2636111
44.9444444,-93.0930556
39.0997222,-94.5783333
38.6272222,-90.1977778
40.8,-96.6666667
41.2586111,-95.9375
36.0397222,-114.9811111
36.175,-115.1363889
36.0972222,-115.1458333
39.5297222,-119.8127778
40.7280556,-74.0780556
40.7355556,-74.1727778
35.0844444,-106.6505556
42.8863889,-78.8786111
40.7141667,-74.0063889
43.1547222,-77.6158333
35.2269444,-80.8433333
35.9938889,-78.8988889
36.0725,-79.7922222
35.7719444,-78.6388889
41.0813889,-81.5191667
39.1619444,-84.4569444
41.4994444,-81.6955556
39.9611111,-82.9988889
41.6638889,-83.5552778
35.4675,-97.5161111
36.1538889,-95.9925
45.5236111,-122.675
39.9522222,-75.1641667
40.4405556,-79.9961111
18.4683333,-66.1061111
35.1494444,-90.0488889
36.1658333,-86.7844444
32.7355556,-97.1077778
30.2669444,-97.7427778
27.8002778,-97.3961111
32.7833333,-96.8
31.7586111,-106.4863889
32.7252778,-97.3205556
32.9125,-96.6386111
29.7630556,-95.3630556
27.5061111,-99.5072222
33.5777778,-101.8547222
33.0197222,-96.6986111
29.4238889,-98.4933333
36.8188889,-76.2752778
36.8466667,-76.2855556
36.8527778,-75.9783333
47.6063889,-122.3308333
43.0730556,-89.4011111
43.0388889,-87.9063889
-34.8580556,-56.1708333
40.6541667,72.3575
40.9952778,71.6725
42.4530556,59.6102778
39.6541667,66.9597222
41.3166667,69.25
10.1333333,-64.7
8.6291667,-70.2072222
10.0738889,-69.3227778
10.4333333,-66.8833333
10.4019444,-71.4461111
10.5,-66.9166667
8.1222222,-63.5497222
8.3533333,-62.6527778
10.4666667,-64.1666667
10.6316667,-71.6405556
10.2469444,-67.5958333
9.75,-63.1766667
10.4833333,-66.8166667
7.7669444,-72.225
10.2313889,-66.6636111
10.2333333,-67.4833333
10.1805556,-68.0038889
10.95,106.816667
10.033333,105.783333
16.067778,108.220833
20.856111,106.682222
21.033333,105.85
21.033333,105.85
10.75,106.666667
16.466667,107.6
12.25,109.183333
13.766667,109.233333
10.016667,105.083333
10.35,107.066667
12.7794444,45.0366667
13.9666667,44.1833333
-26.265207,28.140595
-26.190851,28.311338
-29.121065,26.214003
-26.214953,28.254732
-29.123036,26.773654
-26.236561,28.369378
-33.925839,18.423218
-29.857896,31.029198
-33.011051,27.910049
-26.205171,28.049815
-26.092835,27.790701
-27.757956,29.931803
-29.616785,30.39278
-33.917988,25.570066
-25.706944,28.229444
-28.775417,32.054005
-26.267812,27.858492
-25.996363,28.226802
-33.75757,25.397099
-26.711711,27.837949
-26.673133,27.926147
-25.840795,28.176102
-27.986442,26.706612
-25.871331,29.233234
-12.8166667,28.2
-15.4166667,28.2833333
-12.9666667,28.6333333
-20.15,28.5833333
-17.9938889,31.0480556
-19.45,29.8166667
-17.8177778,31.0447222
-18.9666667,32.6666667
